"","grp","chng_type","Source","BGC","SS_NoSpace","Edatopic"
"1",14289,"+","USA_2019","PPJWdm_WY","PPJWdm_WY/101","B3"
"2",14290,"+","USA_2019","PPJWdm_WY","PPJWdm_WY/101","B4"
"3",14291,"+","USA_2019","PPJWdm_WY","PPJWdm_WY/101","C3"
"4",14292,"+","USA_2019","PPJWdm_WY","PPJWdm_WY/101","C4"
"5",14293,"+","USA_2019","PPJWdm_WY","PPJWdm_WY/101","D3"
"6",14294,"+","USA_2019","PPJWdm_WY","PPJWdm_WY/101","D4"
"7",14295,"+","USA_2019","PPJWdm_WY","PPJWdm_WY/110","B5"
"8",14296,"+","USA_2019","PPJWdm_WY","PPJWdm_WY/110","C5"
"9",14297,"+","USA_2019","PPJWdm_WY","PPJWdm_WY/110","D5"
"10",14298,"+","USA_2019","PPJWdm_WY","PPJWdm_WY/110","E5"
"11",14299,"+","USA_2019","PPJWdm_WY","PPJWdm_WY/111","B6"
"12",14300,"+","USA_2019","PPJWdm_WY","PPJWdm_WY/111","C6"
"13",14301,"+","USA_2019","PPJWdm_WY","PPJWdm_WY/113","D6"
"14",14302,"+","USA_2019","PPJWdm_WY","PPJWdm_WY/113","E6"
"15",14303,"+","USA_2019","PPJWdm_WY","PPJWdm_WY/Gg","A1"
"16",14304,"+","USA_2019","PPJWdm_WY","PPJWdm_WY/Gg","A2"
"17",14305,"+","USA_2019","PPJWdm_WY","PPJWdm_WY/Gg","B1"
"18",14306,"+","USA_2019","PPJWdm_WY","PPJWdm_WY/Gg","B2"
"19",14307,"+","USA_2019","PPJWdm_WY","PPJWdm_WY/Gg","C1"
"20",14308,"+","USA_2019","PPJWdm_WY","PPJWdm_WY/Gg","C2"
"21",14309,"+","USA_2019","PPJWdm_WY","PPJWdm_WY/Gg","D1"
"22",14310,"+","USA_2019","PPJWdm_WY","PPJWdm_WY/Gg","D2"
"23",14311,"+","Add_2021","PPJWdm_WY","PPJWdm_WY/Ro","A0"
"24",14312,"+","Add_2021","PPJWdm_WY","PPJWdm_WY/Ro","B0"
"25",14313,"+","USA_2019","PPJWdw_UT","PPJWdw_UT/101","B3"
"26",14314,"+","USA_2019","PPJWdw_UT","PPJWdw_UT/101","B4"
"27",14315,"+","USA_2019","PPJWdw_UT","PPJWdw_UT/101","C3"
"28",14316,"+","USA_2019","PPJWdw_UT","PPJWdw_UT/101","C4"
"29",14317,"+","USA_2019","PPJWdw_UT","PPJWdw_UT/101","D3"
"30",14318,"+","USA_2019","PPJWdw_UT","PPJWdw_UT/101","D4"
"31",14319,"+","USA_2019","PPJWdw_UT","PPJWdw_UT/103","A2"
"32",14320,"+","USA_2019","PPJWdw_UT","PPJWdw_UT/103","B2"
"33",14321,"+","USA_2019","PPJWdw_UT","PPJWdw_UT/103","C2"
"34",14322,"+","USA_2019","PPJWdw_UT","PPJWdw_UT/103","D2"
"35",14323,"+","USA_2019","PPJWdw_UT","PPJWdw_UT/110","B5"
"36",14324,"+","USA_2019","PPJWdw_UT","PPJWdw_UT/110","C5"
"37",14325,"+","USA_2019","PPJWdw_UT","PPJWdw_UT/110","D5"
"38",14326,"+","USA_2019","PPJWdw_UT","PPJWdw_UT/110","E5"
"39",14327,"+","USA_2019","PPJWdw_UT","PPJWdw_UT/111","B6"
"40",14328,"+","USA_2019","PPJWdw_UT","PPJWdw_UT/111","C6"
"41",14329,"+","USA_2019","PPJWdw_UT","PPJWdw_UT/113","D6"
"42",14330,"+","USA_2019","PPJWdw_UT","PPJWdw_UT/113","E6"
"43",14331,"+","USA_2019","PPJWdw_UT","PPJWdw_UT/Gg","A1"
"44",14332,"+","USA_2019","PPJWdw_UT","PPJWdw_UT/Gg","B1"
"45",14333,"+","USA_2019","PPJWdw_UT","PPJWdw_UT/Gg","C1"
"46",14334,"+","USA_2019","PPJWdw_UT","PPJWdw_UT/Gg","D1"
"47",14335,"+","Add_2021","PPJWdw_UT","PPJWdw_UT/Ro","A0"
"48",14336,"+","Add_2021","PPJWdw_UT","PPJWdw_UT/Ro","B0"
"49",14361,"+","USA_2019","PPJWwm_CO","PPJWwm_CO/101","B3"
"50",14362,"+","USA_2019","PPJWwm_CO","PPJWwm_CO/101","B4"
"51",14363,"+","USA_2019","PPJWwm_CO","PPJWwm_CO/101","C3"
"52",14364,"+","USA_2019","PPJWwm_CO","PPJWwm_CO/101","C4"
"53",14365,"+","USA_2019","PPJWwm_CO","PPJWwm_CO/101","D3"
"54",14366,"+","USA_2019","PPJWwm_CO","PPJWwm_CO/101","D4"
"55",14367,"+","USA_2019","PPJWwm_CO","PPJWwm_CO/103","A2"
"56",14368,"+","USA_2019","PPJWwm_CO","PPJWwm_CO/103","B2"
"57",14369,"+","USA_2019","PPJWwm_CO","PPJWwm_CO/103","C2"
"58",14370,"+","USA_2019","PPJWwm_CO","PPJWwm_CO/103","D2"
"59",14371,"+","USA_2019","PPJWwm_CO","PPJWwm_CO/110","B5"
"60",14372,"+","USA_2019","PPJWwm_CO","PPJWwm_CO/110","C5"
"61",14373,"+","USA_2019","PPJWwm_CO","PPJWwm_CO/110","D5"
"62",14374,"+","USA_2019","PPJWwm_CO","PPJWwm_CO/110","E5"
"63",14375,"+","USA_2019","PPJWwm_CO","PPJWwm_CO/111","B6"
"64",14376,"+","USA_2019","PPJWwm_CO","PPJWwm_CO/111","C6"
"65",14377,"+","USA_2019","PPJWwm_CO","PPJWwm_CO/113","D6"
"66",14378,"+","USA_2019","PPJWwm_CO","PPJWwm_CO/113","E6"
"67",14379,"+","USA_2019","PPJWwm_CO","PPJWwm_CO/Gg","A1"
"68",14380,"+","USA_2019","PPJWwm_CO","PPJWwm_CO/Gg","B1"
"69",14381,"+","USA_2019","PPJWwm_CO","PPJWwm_CO/Gg","C1"
"70",14382,"+","USA_2019","PPJWwm_CO","PPJWwm_CO/Gg","D1"
"71",14383,"+","Add_2021","PPJWwm_CO","PPJWwm_CO/Ro","A0"
"72",14384,"+","Add_2021","PPJWwm_CO","PPJWwm_CO/Ro","B0"
"73",14385,"+","USA_2019","PPJWxh_CA","PPJWxh_CA/101","B3"
"74",14386,"+","USA_2019","PPJWxh_CA","PPJWxh_CA/101","B4"
"75",14387,"+","USA_2019","PPJWxh_CA","PPJWxh_CA/101","C3"
"76",14388,"+","USA_2019","PPJWxh_CA","PPJWxh_CA/101","C4"
"77",14389,"+","USA_2019","PPJWxh_CA","PPJWxh_CA/101","D3"
"78",14390,"+","USA_2019","PPJWxh_CA","PPJWxh_CA/101","D4"
"79",14391,"+","USA_2019","PPJWxh_CA","PPJWxh_CA/103","A2"
"80",14392,"+","USA_2019","PPJWxh_CA","PPJWxh_CA/103","B2"
"81",14393,"+","USA_2019","PPJWxh_CA","PPJWxh_CA/103","C2"
"82",14394,"+","USA_2019","PPJWxh_CA","PPJWxh_CA/103","D2"
"83",14395,"+","USA_2019","PPJWxh_CA","PPJWxh_CA/110","B5"
"84",14396,"+","USA_2019","PPJWxh_CA","PPJWxh_CA/110","C5"
"85",14397,"+","USA_2019","PPJWxh_CA","PPJWxh_CA/110","D5"
"86",14398,"+","USA_2019","PPJWxh_CA","PPJWxh_CA/110","E5"
"87",14399,"+","USA_2019","PPJWxh_CA","PPJWxh_CA/111","B6"
"88",14400,"+","USA_2019","PPJWxh_CA","PPJWxh_CA/111","C6"
"89",14401,"+","USA_2019","PPJWxh_CA","PPJWxh_CA/111","D6"
"90",14402,"+","USA_2019","PPJWxh_CA","PPJWxh_CA/111","E6"
"91",14403,"+","USA_2019","PPJWxh_CA","PPJWxh_CA/Gg","A1"
"92",14404,"+","USA_2019","PPJWxh_CA","PPJWxh_CA/Gg","B1"
"93",14405,"+","USA_2019","PPJWxh_CA","PPJWxh_CA/Gg","C1"
"94",14406,"+","USA_2019","PPJWxh_CA","PPJWxh_CA/Gg","D1"
"95",14407,"+","Add_2021","PPJWxh_CA","PPJWxh_CA/Ro","A0"
"96",14408,"+","Add_2021","PPJWxh_CA","PPJWxh_CA/Ro","B0"
"97",14409,"+","USA_2019","PPJWxw_NV","PPJWxw_NV/101","B3"
"98",14410,"+","USA_2019","PPJWxw_NV","PPJWxw_NV/101","B4"
"99",14411,"+","USA_2019","PPJWxw_NV","PPJWxw_NV/101","C3"
"100",14412,"+","USA_2019","PPJWxw_NV","PPJWxw_NV/101","C4"
"101",14413,"+","USA_2019","PPJWxw_NV","PPJWxw_NV/101","D3"
"102",14414,"+","USA_2019","PPJWxw_NV","PPJWxw_NV/101","D4"
"103",14415,"+","USA_2019","PPJWxw_NV","PPJWxw_NV/103","A2"
"104",14416,"+","USA_2019","PPJWxw_NV","PPJWxw_NV/103","B2"
"105",14417,"+","USA_2019","PPJWxw_NV","PPJWxw_NV/103","C2"
"106",14418,"+","USA_2019","PPJWxw_NV","PPJWxw_NV/103","D2"
"107",14419,"+","USA_2019","PPJWxw_NV","PPJWxw_NV/110","B5"
"108",14420,"+","USA_2019","PPJWxw_NV","PPJWxw_NV/110","C5"
"109",14421,"+","USA_2019","PPJWxw_NV","PPJWxw_NV/110","D5"
"110",14422,"+","USA_2019","PPJWxw_NV","PPJWxw_NV/110","E5"
"111",14423,"+","USA_2019","PPJWxw_NV","PPJWxw_NV/111","B6"
"112",14424,"+","USA_2019","PPJWxw_NV","PPJWxw_NV/111","C6"
"113",14425,"+","USA_2019","PPJWxw_NV","PPJWxw_NV/113","D6"
"114",14426,"+","USA_2019","PPJWxw_NV","PPJWxw_NV/113","E6"
"115",14427,"+","USA_2019","PPJWxw_NV","PPJWxw_NV/Gg","A1"
"116",14428,"+","USA_2019","PPJWxw_NV","PPJWxw_NV/Gg","B1"
"117",14429,"+","USA_2019","PPJWxw_NV","PPJWxw_NV/Gg","C1"
"118",14430,"+","USA_2019","PPJWxw_NV","PPJWxw_NV/Gg","D1"
"119",14431,"+","Add_2021","PPJWxw_NV","PPJWxw_NV/Ro","A0"
"120",14432,"+","Add_2021","PPJWxw_NV","PPJWxw_NV/Ro","B0"
